Actual Price,N,MAE,MedAE,R²,Relative MAE
$0–3k,932,2611.637687607497,1571.2942534848935,-69.45279976981853,1.2894099948298436
$3–6k,1853,1938.718938235604,1226.0299973874007,-11.90495493169872,0.4417717313198867
$6–9k,1441,2436.4944778991403,1526.2705145446926,-28.763429252293008,0.3313067856732194
$9–12k,940,2781.803488486532,1981.4289924540453,-21.97153412180191,0.2699879103737784
$12–15k,706,3437.578713604044,2479.1352408763905,-28.54657389226675,0.25809947970297986
$15–18k,551,3911.2388753133764,2956.26408717069,-33.94137217458312,0.2409441990842133
$18–21k,400,4588.877199954882,3511.8106738790866,-62.59703690195144,0.238468057661284
$21–24k,290,4741.336780190075,3427.041332968989,-51.72078761405969,0.21155762215948598
$24–27k,234,5445.744194563044,4166.153214880467,-81.23115184046611,0.21589238275390102
$27–30k,202,6597.422709341039,5120.69468000356,-93.24472069973615,0.23207080947189707
$30–35k,205,7236.610740326154,5526.933597201212,-43.0570486122492,0.22396047104252767
$35–40k,213,8489.669816871708,6765.6517361652,-40.584457051799525,0.22817670101246396
$40–50k,251,8719.67555772152,6734.527112292024,-16.380012393361024,0.19602150923227502
$50–75k,263,13371.932726786366,11315.729592332362,-5.14500630757659,0.22292730959076965
$75k+,130,45132.77078662276,26514.329683737473,-0.4741340629391211,0.4223344176100357
Overall,8611,4345.1914473974,2106.6541697904377,0.5117409278865401,0.2880986999657083
