Actual Price,N_Before,MAE_Before,MedAE_Before,R²_Before,Mean Actual Price_Before,Mean Predicted Price_Before,Bias_Before,Relative MAE_Before,N_V2,MAE_V2,MedAE_V2,R²_V2,Mean Actual Price_V2,Mean Predicted Price_V2,Bias_V2,Relative MAE_V2,MAE_Improvement_CAD
$0–3k,920,2596.2390460903885,1743.1342157549916,-49.47774967084159,2034.7641304347826,4461.190393068136,2426.4262626333525,1.275941032799527,920,2818.8390307171535,1918.108084125537,-62.194468208574655,2034.7641304347826,4730.421618832275,2695.6574883974918,1.3853394546103148,-222.59998462676504
$3–6k,1852,2133.3578407022574,1354.2505397111117,-14.880530778012966,4388.718142548596,5825.8472684773515,1437.1291259287561,0.48610044468779295,1852,2191.737564041646,1398.5587164412227,-15.039882283477983,4388.718142548596,5999.06999526221,1610.3518527136139,0.4994026713159734,-58.37972333938842
$6–9k,1441,2659.8273472583155,1762.3853458030744,-24.77482096756349,7354.194309507287,8615.755618827943,1261.561309320657,0.361674880390333,1441,2759.393098023258,1773.4258513703899,-31.01181939773258,7354.194309507287,8831.470525918454,1477.2762164111668,0.3752135151577373,-99.56575076494255
$9–12k,940,3048.550181949406,2171.415141547871,-27.141788583593794,10303.437234042553,11271.91857915886,968.481345116306,0.295877008099491,940,3023.0012248135545,2115.790870451058,-26.007134483407782,10303.437234042553,11329.068159140084,1025.6309250975303,0.2933973543144961,25.54895713585165
$12–15k,706,3763.969862854442,2664.7790275189454,-35.11805924467465,13318.813031161473,14152.102449694896,833.2894185334236,0.2826055035120651,706,3654.9785471010923,2831.2980122219233,-29.439934047240378,13318.813031161473,13948.674948637228,629.861917475754,0.27442224307449103,108.99131575334968
$15–18k,551,4234.681825717702,3299.7215225531836,-37.20760713732666,16232.965517241379,16967.411554224986,734.4460369836077,0.2608692676159483,551,4149.1761266472595,3299.649635880891,-35.82369543730985,16232.965517241379,16852.256263581112,619.2907463397341,0.2556018567427086,85.50569907044246
$18–21k,400,5097.852307386949,4075.827919842279,-73.19819252250272,19243.1525,19931.68338253042,688.530882530422,0.26491773150927056,400,5260.161397470357,4272.665950225828,-78.44655924139427,19243.1525,19899.218088432397,656.0655884323952,0.27335237287499314,-162.30909008340768
$21–24k,290,5207.243159487355,4235.969627828586,-61.60916998784985,22411.56206896552,22751.558959502465,339.9968905369497,0.23234628373798638,290,5424.399342627693,4522.908245425759,-64.79082667521529,22411.56206896552,22705.086731932057,293.5246629665414,0.24203575484544862,-217.15618314033782
$24–27k,234,5864.939207045194,4438.968041838994,-84.14573441554923,25224.346153846152,22662.17778337669,-2562.168370469469,0.23251104989101654,234,6199.438951632184,4905.188678897646,-92.20159530444037,25224.346153846152,22497.906096931725,-2726.4400569144277,0.2457720376108503,-334.49974458699035
$27–30k,202,6813.315588176656,5268.257837765377,-99.88582332978484,28428.4900990099,27012.904441596354,-1415.5856574135435,0.2396650530663937,202,7334.375668157593,5720.206592025508,-111.82009985770628,28428.4900990099,27027.617058680855,-1400.873040329048,0.25799385203412656,-521.0600799809372
$30–35k,205,7776.679912939881,6010.018159360981,-42.81766308781749,32312.0,29138.276682894506,-3173.7233171055004,0.24067466925414338,205,8147.079893214275,6657.352768396879,-49.20059199976979,32312.0,28925.81021743693,-3386.1897825630713,0.2521379021173024,-370.3999802743938
$35–40k,213,8971.030921783995,7618.578161324498,-43.5393074651201,37206.55868544601,34316.976409020805,-2889.582276425205,0.24111423466027698,213,9115.04957077666,7588.072423494479,-46.66942530010613,37206.55868544601,33817.886129987586,-3388.6725554584223,0.2449850212656773,-144.01864899266548
$40–50k,251,9658.097226947935,7712.805109351764,-18.232065448798522,44483.258964143424,41564.84577266546,-2918.4131914779596,0.21711757303422907,251,9945.637049648409,7619.853887128273,-19.649827816347074,44483.258964143424,41367.15591754296,-3116.1030466004636,0.22358157386052305,-287.53982270047345
$50–75k,263,14818.181488430802,12401.880838356126,-6.117188826533956,59983.37642585552,48452.855973772916,-11530.520452082596,0.24703813575328354,263,15456.621302896965,13363.320382217382,-6.590870507606803,59983.37642585552,48389.728498950135,-11593.647926905383,0.25768174824240925,-638.4398144661627
$75k+,129,47454.658926053635,31453.48107660431,-0.4953664865472365,105832.95348837209,63305.71290774867,-42527.240580623424,0.4483920873593261,129,49074.32442558441,32124.622868829014,-0.5208219447699614,105832.95348837209,60996.190642488655,-44836.762845883444,0.4636960682664519,-1619.6654995307763
Overall,8597,4684.730778039118,2416.48852610193,0.4989824281462738,15076.649994184017,14795.912356622297,-280.737637561721,0.3107275674534001,8597,4821.448347119404,2436.3701007036434,0.48471740805861974,15076.649994184017,14813.366471653075,-263.2835225309418,0.31979573373258185,-136.717569080286
