scheme,evaluation,r2,mae_cad,rmse_cad,trees
my_scheme,own_holdout,0.7072385108406698,4289.278795435368,9037.36205630559,1377
my_scheme,common_holdout,0.6653152601867816,4494.779753255511,9859.87542034494,1377
my_scheme,seen_subset_NOT_a_test,0.7980513429084343,3701.6437097672338,7505.941796039334,1377
grouped_70_15_15_es,own_holdout,0.6926379728355354,4395.24150131015,9336.81239042705,692
grouped_70_15_15_es,common_holdout,0.6701397659087194,4513.608536201709,9788.552031059686,692
grouped_70_15_15_es,seen_subset_NOT_a_test,0.7617141457954952,3953.07942946425,8220.962309441526,692
original_scheme,own_holdout,0.5117409278865401,4345.1914473974,14141.96627858175,2000
original_scheme,common_holdout,0.6922404203631785,4270.54824012681,9454.950560660323,2000
original_scheme,seen_subset_NOT_a_test,0.6565903066371419,3775.112552997658,11860.169928111176,2000
random_80_20_es,own_holdout,0.49060724097797304,4728.799789430316,14444.782942473064,552
random_80_20_es,common_holdout,0.6711697205690819,4551.7664386113465,9773.258209815647,552
random_80_20_es,seen_subset_NOT_a_test,0.5618692462559773,4290.210619627775,13396.350627573907,552
