Scheme,Test,Model,N,r2,mae_cad,rmse_cad
original_scheme,original_test,before,8611,0.5117409278865401,4345.1914473974,14141.96627858175
original_scheme,original_test,v2,8611,0.5059918220359434,4379.653336377304,14224.981354817406
original_scheme,retained_test,before,8598,0.5199745659630595,4302.290247421771,13927.382959756056
original_scheme,retained_test,v2,8598,0.5136631452865221,4338.392960673148,14018.643251383353
my_scheme,original_test,before,8600,0.7072385108406698,4289.278795435368,9037.36205630559
my_scheme,original_test,v2,8600,0.6739389622612945,4534.865198567774,9537.49143238925
my_scheme,retained_test,before,8585,0.754202012237887,4204.362379595261,7994.813141725692
my_scheme,retained_test,v2,8585,0.719064923692977,4449.997117892016,8547.166013106085
grouped_70_15_15_es,original_test,before,6455,0.6926379728355354,4395.24150131015,9336.81239042705
grouped_70_15_15_es,original_test,v2,6455,0.6895131942719013,4328.833088721783,9384.153458130026
grouped_70_15_15_es,retained_test,before,6443,0.7494901999500138,4302.432033339016,8070.972771722791
grouped_70_15_15_es,retained_test,v2,6443,0.7465472048221775,4235.918723485703,8118.243333842208
random_80_20_es,original_test,before,8611,0.49060724097797304,4728.799789430316,14444.782942473064
random_80_20_es,original_test,v2,8611,0.4766032485702164,4864.812345737398,14641.991418925138
random_80_20_es,retained_test,before,8597,0.4989824281462738,4684.730778039118,14229.09516959088
random_80_20_es,retained_test,v2,8597,0.48471740805861974,4821.448347119404,14430.239545157936
