Scheme,Actual Price,N_Before,MAE_Before,MedAE_Before,R²_Before,Mean Actual Price_Before,Mean Predicted Price_Before,Bias_Before,Relative MAE_Before,N_V2,MAE_V2,MedAE_V2,R²_V2,Mean Actual Price_V2,Mean Predicted Price_V2,Bias_V2,Relative MAE_V2,MAE_Improvement_CAD
original_scheme,$0–3k,921,2445.1919958482345,1557.333314279449,-49.73060928281297,2034.0032573289905,4247.177224390894,2213.1739670619027,1.2021573648113075,921,2449.754669440455,1552.8096382889726,-48.76331266321003,2034.0032573289905,4294.64723923864,2260.6439819096504,1.2044005635750166,-4.562673592220563
original_scheme,$3–6k,1852,1924.0883466097744,1225.712020049532,-11.313666310400556,4388.718142548596,5595.644722712444,1206.9265801638478,0.4384169327156715,1852,1942.4075097205823,1195.1360460626693,-11.636079185084686,4388.718142548596,5609.878477472777,1221.1603349241816,0.4425910816392954,-18.31916311080795
original_scheme,$6–9k,1441,2436.4944778991403,1526.2705145446926,-28.763429252293008,7354.194309507287,8401.825594183789,1047.6312846765015,0.3313067856732193,1441,2463.3295540940626,1543.1028960288968,-28.62019386135426,7354.194309507287,8412.028039135388,1057.8337296281013,0.3349557341596947,-26.83507619492229
original_scheme,$9–12k,940,2781.803488486532,1981.428992454045,-21.97153412180191,10303.437234042553,10887.57241863504,584.1351845924872,0.2699879103737784,940,2917.7915629189056,1965.169951208355,-39.76716147962578,10303.437234042553,11030.423139855102,726.9859058125477,0.2831862316080815,-135.98807443237365
original_scheme,$12–15k,706,3437.578713604044,2479.1352408763905,-28.54657389226675,13318.813031161471,13672.9000597493,354.0870285878292,0.2580994797029798,706,3571.5814574416613,2469.4580549145785,-45.36675747003961,13318.813031161471,13962.295666367228,643.4826352057524,0.2681606423249114,-134.00274383761734
original_scheme,$15–18k,551,3911.238875313376,2956.26408717069,-33.94137217458312,16232.96551724138,16677.88280979251,444.917292551134,0.2409441990842133,551,3990.672451960831,3020.300366814561,-36.01385662305841,16232.96551724138,16555.982116315514,323.016599074132,0.2458375487659511,-79.43357664745417
original_scheme,$18–21k,400,4588.877199954882,3511.8106738790866,-62.59703690195144,19243.1525,19701.24113837129,458.0886383712898,0.238468057661284,400,4503.219380018819,3486.685814520926,-58.91343163182844,19243.1525,19633.28009745388,390.1275974538776,0.2340167173761585,85.65781993606288
original_scheme,$21–24k,290,4741.336780190075,3427.041332968989,-51.72078761405969,22411.56206896552,22385.497791059064,-26.064277906456343,0.211557622159486,290,4407.8687526736985,3483.401685469171,-43.18947658391726,22411.56206896552,22299.537466274152,-112.02460269136314,0.1966783367937351,333.4680275163764
original_scheme,$24–27k,234,5445.744194563044,4166.153214880467,-81.23115184046611,25224.346153846152,22871.8310949904,-2352.515058855753,0.215892382753901,234,5558.024849640036,4146.308984322846,-85.93489098817825,25224.346153846152,23029.549228717628,-2194.796925128527,0.2203436638452791,-112.28065507699192
original_scheme,$27–30k,202,6597.422709341039,5120.69468000356,-93.24472069973616,28428.4900990099,27160.955776999064,-1267.5343220108389,0.232070809471897,202,6210.066944202039,4671.515834152382,-81.16938979986492,28428.4900990099,26739.452753375783,-1689.037345634122,0.2184451908129416,387.35576513900014
original_scheme,$30–35k,205,7236.610740326154,5526.933597201212,-43.0570486122492,32312.0,29657.041014578983,-2654.9589854210103,0.2239604710425276,205,7346.860490158515,5966.196100723122,-41.99770205903762,32312.0,29537.233728878196,-2774.766271121805,0.2273725083609344,-110.24974983236098
original_scheme,$35–40k,213,8489.669816871708,6765.6517361652,-40.584457051799525,37206.55868544601,34754.96361176607,-2451.595073679936,0.2281767010124639,213,8537.86098097167,6862.594171976059,-40.94231298873429,37206.55868544601,34675.71020750534,-2530.848477940662,0.2294719340520843,-48.19116409996241
original_scheme,$40–50k,251,8719.67555772152,6734.527112292024,-16.380012393361024,44483.258964143424,41678.921770470886,-2804.3371936725407,0.196021509232275,251,8731.628563329235,6337.602481559799,-15.789394584988791,44483.258964143424,41432.25720668471,-3051.001757458717,0.1962902171886176,-11.953005607714658
original_scheme,$50–75k,263,13371.932726786366,11315.729592332362,-5.14500630757659,59983.37642585552,50552.93221053746,-9430.44421531805,0.2229273095907696,263,13619.195958869324,11060.011979233284,-5.2729259657923615,59983.37642585552,50122.3390042012,-9861.037421654311,0.2270495055526557,-247.26323208295616
original_scheme,$75k+,129,43821.45168494234,26377.91219627414,-0.4527588608490527,105832.95348837208,66365.92716172467,-39467.02632664742,0.4140624469084387,129,44204.82020850998,28390.6164942604,-0.4555508049983905,105832.95348837208,66085.3256722757,-39747.62781609637,0.4176848396597642,-383.3685235676385
original_scheme,Overall,8598,4302.290247421771,2100.3466159027907,0.5199745659630595,15075.05163991626,14709.241920225171,-365.80971969108856,0.2853914102708619,8598,4338.392960673148,2114.4445285888787,0.5136631452865221,15075.05163991626,14709.597800331388,-365.4538395848717,0.2877862752513428,-36.10271325137728
my_scheme,$0–3k,903,2429.9000580728843,1693.6588965586998,-44.61973791026105,2028.306755260244,4248.527078610196,2220.220323349952,1.1979943624262663,903,2618.878725743646,1746.45518347478,-54.47946982766947,2028.306755260244,4468.501253908767,2440.194498648523,1.291165016806163,-188.97866767076172
my_scheme,$3–6k,1789,2029.038157785904,1255.387180837497,-13.454042470339587,4318.70598099497,5664.81357687439,1346.1075958794197,0.4698254909491295,1789,2191.511248045152,1311.9189161807371,-26.808890694390968,4318.70598099497,5856.795516772606,1538.089535777637,0.5074462715658774,-162.47309025924824
my_scheme,$6–9k,1416,2350.293625067883,1684.0396304678347,-15.24090100524056,7364.829096045198,8233.22578831772,868.3966922725236,0.3191239870494694,1416,2512.232425758964,1704.4767701515148,-18.934983853231376,7364.829096045198,8443.172631491881,1078.3435354466826,0.3411121144831446,-161.9388006910808
my_scheme,$9–12k,936,3434.566349363139,2194.8676366397635,-60.97319768045666,10330.38782051282,11531.381656139883,1200.9938356270632,0.3324721597134231,936,3491.5357205501464,2281.492019375755,-75.9512608709633,10330.38782051282,11748.019030866046,1417.631210353226,0.3379868966407129,-56.969371187007255
my_scheme,$12–15k,753,3193.415558451009,2410.212676077779,-21.588990863861017,13265.43293492696,13132.050690436388,-133.38224449057154,0.2407321023080195,753,3282.004220152801,2596.2654282882995,-22.66065162612734,13265.43293492696,13328.834491920055,63.40155699309676,0.2474102606565906,-88.58866170179135
my_scheme,$15–18k,556,4287.973897730757,3441.3256652597265,-37.28182657873076,16307.255395683453,16369.230647991732,61.9752523082808,0.2629488404815067,556,4353.717012084258,3593.525200802892,-37.975664328613085,16307.255395683453,16461.517435820177,154.26204013672705,0.2669803658828261,-65.74311435350137
my_scheme,$18–21k,419,4863.409129887681,3860.885483546539,-64.53599412022216,19265.143198090693,19046.023431336613,-219.1197667540788,0.2524460410120221,419,5074.9075209799785,4390.012768800569,-68.82305568208021,19265.143198090693,19184.746082013004,-80.39711607768876,0.2634243342392044,-211.49839109229745
my_scheme,$21–24k,325,5282.35682451358,4306.404436730292,-60.73600292404191,22417.766153846154,22757.71680575688,339.9506519107239,0.2356326133595296,325,5311.099802030161,4332.49732883204,-59.36798126916881,22417.766153846154,22700.025580631627,282.25942678547534,0.2369147650832708,-28.74297751658105
my_scheme,$24–27k,257,6989.533949286717,6324.855990670443,-101.3360919919514,25342.04280155642,23433.751622146843,-1908.2911794095744,0.2758078345940384,257,7505.838640353909,6915.080369020998,-116.4483436788855,25342.04280155642,23477.11865845273,-1864.9241431036887,0.2961812786415516,-516.3046910671919
my_scheme,$27–30k,233,6476.2533398433525,5150.794393422002,-69.96967260388385,28439.38197424893,27151.949713000897,-1287.4322612480307,0.2277213107411202,233,7071.503524035685,5409.01231857996,-82.96879675871745,28439.38197424893,27246.590542082628,-1192.7914321662995,0.2486518001846431,-595.2501841923322
my_scheme,$30–35k,224,7739.778498484588,6523.606456907572,-39.95827933729037,32160.723214285717,29915.723799508916,-2244.999414776802,0.2406593423572825,224,8089.500378033488,6938.612391551444,-42.679367639081015,32160.723214285717,29960.0893920216,-2200.6338222641184,0.2515335343715204,-349.7218795488998
my_scheme,$35–40k,217,8887.691410505275,7424.772131152436,-50.14407649676094,37134.4331797235,33016.770404167524,-4117.662775555977,0.2393382811982227,217,9681.564848065676,8333.602588490627,-56.99326261809692,37134.4331797235,33054.940589342834,-4079.492590380672,0.2607166454166344,-793.8734375604017
my_scheme,$40–50k,248,9306.19851279132,7050.057051252679,-18.138764238219533,44491.92338709677,41164.370972388446,-3327.552414708329,0.2091660194553476,248,10115.166198044812,7588.770686334112,-20.442025989955727,44491.92338709677,41173.62655412317,-3318.2968329735995,0.2273483686025212,-808.9676852534922
my_scheme,$50–75k,214,12590.683875918705,9897.568605068936,-4.366849556370243,59916.09345794393,51012.98122597952,-8903.112231964418,0.2101385979838006,214,13483.39432661432,10084.25455020001,-4.844799834463695,59916.09345794393,50188.61438074108,-9727.479077202854,0.2250379413684327,-892.7104506956166
my_scheme,$75k+,95,33834.54827847897,26123.09374983085,-0.906684798198436,102581.56842105264,69679.28355172715,-32902.28486932549,0.3298306781546066,95,36465.68379850652,29310.913416821877,-1.0913226483284988,102581.56842105264,66639.26366039751,-35942.30476065514,0.3554798816180191,-2631.1355200275502
my_scheme,Overall,8585,4204.362379595261,2296.446013383251,0.754202012237887,14685.135235876529,14530.969628065515,-154.16560781101128,0.2863005557704222,8585,4449.997117892016,2450.5997919780484,0.719064923692977,14685.135235876529,14632.252206585466,-52.883029291064055,0.3030273161543959,-245.63473829675516
grouped_70_15_15_es,$0–3k,678,2487.759552689329,1787.5123723654197,-36.03404746489095,2040.8510324483773,4311.661664614228,2270.8106321658515,1.2189814509414745,678,2428.997079263027,1663.733228160435,-45.60485169062986,2040.8510324483773,4221.09833925977,2180.2473068113927,1.1901883286155368,58.76247342630222
grouped_70_15_15_es,$3–6k,1340,2122.888311799637,1351.902421843845,-13.65918627544318,4324.30671641791,5895.7921138560605,1571.48539743815,0.4909199210453223,1340,2081.4296907340245,1306.7219035942635,-14.0593770509874,4324.30671641791,5741.627711005604,1417.320994587693,0.4813325758858754,41.45862106561299
grouped_70_15_15_es,$6–9k,1073,2500.7370904242684,1739.5127855173032,-17.417376332827374,7377.791239515377,8562.620342746457,1184.8291032310794,0.3389547100533755,1073,2597.04647693332,1698.370769160916,-41.71300981819101,7377.791239515377,8548.060774895439,1170.2695353800616,0.3520086693458557,-96.30938650905136
grouped_70_15_15_es,$9–12k,699,3514.397114669785,2299.4224478527594,-53.05594600772278,10322.932761087268,11845.752685403711,1522.8199243164456,0.3404456074651046,699,3433.552939431636,2114.6401461349924,-44.87090455219666,10322.932761087268,11625.086894703414,1302.1541336161474,0.33261409513143,80.84417523814909
grouped_70_15_15_es,$12–15k,560,3332.8098795525184,2606.4596609519685,-25.161806344181493,13256.235714285714,13391.821549322716,135.58583503700012,0.2514145004196691,560,3229.154873703164,2584.610932002295,-23.58867102533639,13256.235714285714,13300.058927048609,43.82321276289157,0.2435951610473577,103.65500584935444
grouped_70_15_15_es,$15–18k,415,4183.375454821615,3354.2061662011474,-34.34087801100217,16330.52530120482,16959.06105142433,628.535750219512,0.2561690685181436,415,4310.086955911579,3405.705565936907,-36.97135293810863,16330.52530120482,16912.397381586805,581.8720803819856,0.263928249484638,-126.71150108996426
grouped_70_15_15_es,$18–21k,323,4889.857647828171,4007.405710762552,-62.60204213546533,19300.866873065017,19072.770837487285,-228.09603557772817,0.2533491205336546,323,4804.643256594156,3941.4399530796873,-58.37830010657609,19300.866873065017,19190.8148863183,-110.05198674671172,0.2489340654071445,85.21439123401524
grouped_70_15_15_es,$21–24k,240,4710.9583183806135,3502.597107582449,-48.14842256205944,22353.8875,22487.2206238486,133.33312384859204,0.2107444764755398,240,4610.249053256856,3614.641712495491,-47.83154025136616,22353.8875,22283.08100318503,-70.8064968149678,0.2062392527141802,100.70926512375718
grouped_70_15_15_es,$24–27k,202,6844.3240539705,5884.831570617627,-95.6580562865539,25312.70792079208,23146.61742717621,-2166.090493615864,0.2703908280136441,202,6900.743227468128,6229.069478776959,-99.4261214987691,25312.70792079208,23253.33752624959,-2059.370394542492,0.2726197153248783,-56.419173497627526
grouped_70_15_15_es,$27–30k,169,6202.578842669006,5209.081781939276,-61.61549176377744,28464.763313609463,27431.23892378925,-1033.5243898202214,0.2179037561047785,169,6144.168232022456,5136.917606336821,-61.94308846526923,28464.763313609463,27396.451735625906,-1068.3115779835648,0.2158517239131523,58.410610646549685
grouped_70_15_15_es,$30–35k,167,7822.135162932146,6099.888654637889,-44.206568963260935,32143.77245508982,31176.01281010256,-967.7596449872686,0.2433483864988456,167,7397.603143293776,5690.805311993623,-38.65650624775489,32143.77245508982,31101.340504126198,-1042.431950963629,0.2301410997613753,424.53201963837
grouped_70_15_15_es,$35–40k,164,9407.070296020236,7584.402533526403,-56.68953043800869,37285.57926829269,32671.229191378723,-4614.35007691396,0.2522978181009493,164,9125.749826203288,6811.574440021359,-55.69835062236264,37285.57926829269,32716.35206740977,-4569.227200882911,0.2447527973358789,281.3204698169484
grouped_70_15_15_es,$40–50k,181,9450.576442304857,7346.933205930618,-20.584533249796863,44247.62983425414,41937.24252966341,-2310.387304590729,0.213583789181601,181,9331.82413067053,7073.301911843249,-19.77077084259547,44247.62983425414,42066.90471916005,-2180.725115094093,0.2108999773688744,118.75231163432728
grouped_70_15_15_es,$50–75k,159,13614.07905572455,10667.979546763405,-4.948413686522968,59817.33962264151,49564.766350607206,-10252.573272034306,0.227594191610813,159,13135.628158926893,9820.840556698604,-4.765585096355597,59817.33962264151,50003.14901582811,-9814.190606813405,0.219595659750052,478.4508967976562
grouped_70_15_15_es,$75k+,73,35366.81016631893,27654.628636369103,-0.8361103675105248,102002.38356164384,67194.78815738176,-34807.59540426208,0.3467253306384301,73,33863.41767856376,27045.580170907982,-0.7438981209894724,102002.38356164384,69122.78894926127,-32879.59461238256,0.3319865330215429,1503.392487755169
grouped_70_15_15_es,Overall,6443,4302.432033339016,2361.164777636573,0.7494901999500138,14664.387707589633,14688.66044364757,24.27273605793758,0.2933932271248031,6443,4235.918723485703,2282.1136103998706,0.7465472048221775,14664.387707589633,14645.987193392091,-18.400514197536825,0.2888575239519465,66.51330985331333
random_80_20_es,$0–3k,920,2596.2390460903885,1743.1342157549916,-49.47774967084159,2034.7641304347824,4461.190393068136,2426.4262626333525,1.275941032799527,920,2818.839030717153,1918.108084125537,-62.194468208574655,2034.7641304347824,4730.421618832275,2695.657488397492,1.3853394546103148,-222.59998462676504
random_80_20_es,$3–6k,1852,2133.3578407022574,1354.2505397111115,-14.880530778012966,4388.718142548596,5825.847268477352,1437.129125928756,0.4861004446877929,1852,2191.737564041646,1398.5587164412227,-15.039882283477985,4388.718142548596,5999.06999526221,1610.351852713614,0.4994026713159734,-58.37972333938842
random_80_20_es,$6–9k,1441,2659.8273472583155,1762.3853458030744,-24.77482096756349,7354.194309507287,8615.755618827943,1261.561309320657,0.361674880390333,1441,2759.393098023258,1773.42585137039,-31.01181939773258,7354.194309507287,8831.470525918454,1477.2762164111668,0.3752135151577373,-99.56575076494256
random_80_20_es,$9–12k,940,3048.550181949406,2171.415141547871,-27.141788583593797,10303.437234042553,11271.91857915886,968.481345116306,0.295877008099491,940,3023.0012248135545,2115.790870451058,-26.007134483407786,10303.437234042553,11329.068159140084,1025.6309250975305,0.2933973543144961,25.54895713585165
random_80_20_es,$12–15k,706,3763.969862854442,2664.779027518945,-35.11805924467465,13318.813031161471,14152.102449694896,833.2894185334236,0.2826055035120651,706,3654.978547101092,2831.2980122219237,-29.439934047240374,13318.813031161471,13948.674948637228,629.861917475754,0.274422243074491,108.99131575334968
random_80_20_es,$15–18k,551,4234.681825717702,3299.721522553184,-37.20760713732666,16232.96551724138,16967.411554224986,734.4460369836077,0.2608692676159483,551,4149.17612664726,3299.649635880891,-35.82369543730985,16232.96551724138,16852.256263581112,619.2907463397341,0.2556018567427086,85.50569907044246
random_80_20_es,$18–21k,400,5097.852307386949,4075.827919842279,-73.19819252250272,19243.1525,19931.68338253042,688.530882530422,0.2649177315092705,400,5260.161397470357,4272.665950225828,-78.44655924139427,19243.1525,19899.2180884324,656.0655884323952,0.2733523728749931,-162.30909008340768
random_80_20_es,$21–24k,290,5207.243159487355,4235.969627828586,-61.60916998784985,22411.56206896552,22751.558959502465,339.9968905369497,0.2323462837379863,290,5424.399342627693,4522.908245425759,-64.79082667521529,22411.56206896552,22705.086731932057,293.5246629665414,0.2420357548454486,-217.15618314033784
random_80_20_es,$24–27k,234,5864.939207045194,4438.968041838994,-84.14573441554923,25224.346153846152,22662.17778337669,-2562.168370469469,0.2325110498910165,234,6199.438951632184,4905.188678897646,-92.20159530444036,25224.346153846152,22497.906096931725,-2726.440056914428,0.2457720376108503,-334.49974458699035
random_80_20_es,$27–30k,202,6813.315588176656,5268.257837765377,-99.88582332978484,28428.4900990099,27012.904441596354,-1415.5856574135437,0.2396650530663937,202,7334.375668157593,5720.206592025508,-111.82009985770628,28428.4900990099,27027.61705868085,-1400.873040329048,0.2579938520341265,-521.0600799809372
random_80_20_es,$30–35k,205,7776.679912939881,6010.018159360981,-42.81766308781749,32312.0,29138.276682894502,-3173.7233171055004,0.2406746692541433,205,8147.079893214275,6657.352768396879,-49.20059199976979,32312.0,28925.81021743693,-3386.1897825630717,0.2521379021173024,-370.3999802743938
random_80_20_es,$35–40k,213,8971.030921783995,7618.578161324498,-43.5393074651201,37206.55868544601,34316.976409020805,-2889.582276425205,0.2411142346602769,213,9115.04957077666,7588.072423494479,-46.66942530010613,37206.55868544601,33817.886129987586,-3388.6725554584223,0.2449850212656773,-144.01864899266548
random_80_20_es,$40–50k,251,9658.097226947935,7712.805109351764,-18.23206544879852,44483.258964143424,41564.84577266546,-2918.41319147796,0.217117573034229,251,9945.637049648409,7619.853887128273,-19.649827816347077,44483.258964143424,41367.15591754296,-3116.103046600464,0.223581573860523,-287.53982270047345
random_80_20_es,$50–75k,263,14818.181488430802,12401.880838356126,-6.117188826533956,59983.37642585552,48452.85597377292,-11530.520452082596,0.2470381357532835,263,15456.621302896963,13363.320382217382,-6.590870507606803,59983.37642585552,48389.728498950135,-11593.647926905383,0.2576817482424092,-638.4398144661627
random_80_20_es,$75k+,129,47454.65892605364,31453.48107660431,-0.4953664865472365,105832.95348837208,63305.71290774867,-42527.240580623424,0.4483920873593261,129,49074.32442558441,32124.62286882901,-0.5208219447699614,105832.95348837208,60996.190642488655,-44836.76284588344,0.4636960682664519,-1619.6654995307763
random_80_20_es,Overall,8597,4684.730778039118,2416.48852610193,0.4989824281462738,15076.649994184016,14795.912356622295,-280.737637561721,0.3107275674534001,8597,4821.448347119404,2436.3701007036434,0.4847174080586197,15076.649994184016,14813.366471653077,-263.2835225309418,0.3197957337325818,-136.717569080286
